{"cameraMode":{"drawMode":0,"name":"Shaded","section":"Shading Mode"},"sceneLighting":false,"audioPlay":false,"sceneViewState":{"showFog":true,"showMaterialUpdate":false,"showSkybox":true,"showFlares":true,"showImageEffects":true,"showParticleSystems":true},"in2DMode":false,"pivot":{"x":54.49958038330078,"y":3.620151996612549,"z":24.96566390991211},"rotation":{"x":0.14939525723457337,"y":0.024615908041596414,"z":-0.0037318880204111339,"w":0.9884880185127258},"size":6.766970634460449,"orthographic":false}