{"cameraMode":{"drawMode":0,"name":"Shaded","section":"Shading Mode"},"sceneLighting":false,"audioPlay":false,"sceneViewState":{"showFog":true,"showMaterialUpdate":false,"showSkybox":false,"showFlares":true,"showImageEffects":true,"showParticleSystems":true},"in2DMode":false,"pivot":{"x":20.227386474609376,"y":3.0425801277160646,"z":100.18807983398438},"rotation":{"x":0.1479530930519104,"y":-0.008013017475605011,"z":0.0011910313041880727,"w":0.9889807105064392},"size":5.6692280769348148,"orthographic":false}