{"cameraMode":{"drawMode":0,"name":"Shaded","section":"Shading Mode"},"sceneLighting":false,"audioPlay":false,"sceneViewState":{"showFog":true,"showMaterialUpdate":false,"showSkybox":false,"showFlares":true,"showImageEffects":true,"showParticleSystems":true},"in2DMode":false,"pivot":{"x":-0.8338519334793091,"y":0.6130483150482178,"z":0.09969635307788849},"rotation":{"x":0.29183849692344668,"y":0.11811746656894684,"z":-0.036353740841150287,"w":0.9484744071960449},"size":0.22039292752742768,"orthographic":false}